year,stock
1925,4397.0
1926,5297.0
1927,5902.0
1928,6448.0
1929,7101.0
1930,7011.0
1931,6407.0
1932,5501.0
1933,5179.0
1934,5070.0
1935,5033.0
1936,5220.0
1937,5575.0
1938,5365.0
1939,5463.0
1940,6164.0
1941,6212.0
1942,5764.0
1943,5270.0
1944,4247.0
1945,3542.0
1946,4762.0
1947,7744.0
1948,11265.0
1949,16079.0
1950,22288.0
1951,27031.0
1952,30002.0
1953,34113.0
1954,34707.0
1955,38526.0
1956,41902.0
1957,45179.0
1958,45432.0
1959,48025.0
1960,48567.0
1961,48112.0
1962,50116.0
1963,53866.0
1964,56884.0
1965,60779.0
1966,65861.0
1967,71323.0
1968,79221.0
1969,85961.0
1970,92461.0
1971,96483.0
1972,104470.0
1973,115559.0
1974,129104.0
1975,139279.0
1976,156416.0
1977,180275.0
1978,206496.0
1979,229517.0
1980,240443.0
1981,254672.0
1982,265080.0
1983,298683.0
1984,346385.0
1985,403890.0
1986,472133.0
1987,516826.0
1988,566338.0
1989,609925.0
1990,649404.0
1991,666297.0
1992,695359.0
1993,735337.0
1994,779907.0
1995,808980.0
1996,842604.0
1997,867920.0
1998,914381.0
1999,976736.0
2000,1051155.0
2001,1116711.0
2002,1173970.0
2003,1219700.0
2004,1279029.0
2005,1312720.0
2006,1316206.0
2007,1331503.0
2008,1280310.0
2009,1300211.0
2010,1287598.0
2011,1316693.0
2012,1356290.0
2013,1393255.0
2014,1443520.0
2015,1500307.0
2016,1567001.0
2017,1604135.0
2018,1662272.0
2019,1706159.0
2020,1768446.0
2021,2096458.0
2022,2308801.0
2023,2374335.0
2024,2420786.0
2025,2506574.0
