observation_date,PCDG,PCND,PCECTPI,PCESV
1947-01-01,20.722,74.872,11.557,60.567
1947-04-01,21.351,76.897,11.649,61.783
1947-07-01,21.77,78.649,11.866,63.124
1947-10-01,23.488,79.965,12.162,64.219
1948-01-01,23.547,81.546,12.297,65.279
1948-04-01,24.019,83.169,12.424,66.954
1948-07-01,25.277,83.465,12.614,68.33
1948-10-01,24.971,83.686,12.574,69.271
1949-01-01,24.436,82.731,12.475,69.664
1949-04-01,26.389,81.894,12.399,70.164
1949-07-01,27.313,80.255,12.327,70.237
1949-10-01,28.356,80.949,12.317,70.944
1950-01-01,29.335,81.465,12.297,72.12
1950-04-01,29.799,82.788,12.356,74.219
1950-07-01,37.355,86.632,12.614,76.518
1950-10-01,33.292,86.652,12.839,78.002
1951-01-01,35.638,91.966,13.247,81.603
1951-04-01,30.735,91.445,13.353,82.763
1951-07-01,30.193,93.171,13.371,84.252
1951-10-01,30.391,95.454,13.548,85.745
1952-01-01,30.776,94.762,13.606,87.431
1952-04-01,31.007,96.601,13.603,89.48
1952-07-01,29.467,98.474,13.692,91.612
1952-10-01,33.723,100.331,13.715,93.616
1953-01-01,35.186,100.517,13.766,95.516
1953-04-01,35.019,100.556,13.786,97.386
1953-07-01,34.577,99.842,13.861,99.247
1953-10-01,33.683,99.959,13.921,99.47
1954-01-01,32.91,101.261,13.991,100.982
1954-04-01,33.646,101.324,13.972,102.915
1954-07-01,33.233,102.196,13.926,104.874
1954-10-01,35.064,103.431,13.912,106.598
1955-01-01,38.437,104.502,13.957,108.459
1955-04-01,40.709,106.122,13.971,109.634
1955-07-01,42.421,106.942,14.026,111.288
1955-10-01,41.413,109.046,14.064,114.179
1956-01-01,39.674,110.541,14.122,115.94
1956-04-01,39.819,111.291,14.217,117.723
1956-07-01,39.685,112.432,14.356,119.958
1956-10-01,41.497,113.676,14.44,122.272
1957-01-01,42.597,115.417,14.57,123.876
1957-04-01,42.17,116.479,14.662,125.528
1957-07-01,41.876,119.353,14.781,127.521
1957-10-01,41.467,119.052,14.858,129.85
1958-01-01,39.396,119.862,15.041,130.63
1958-04-01,38.636,121.183,15.069,133.0
1958-07-01,39.396,123.026,15.08,135.471
1958-10-01,40.693,124.08,15.074,137.049
1959-01-01,43.649,126.074,15.177,139.726
1959-04-01,45.465,127.152,15.239,142.888
1959-07-01,46.336,128.188,15.331,146.201
1959-10-01,44.103,129.461,15.415,149.277
1960-01-01,45.455,129.605,15.435,151.304
1960-04-01,46.434,131.961,15.515,153.813
1960-07-01,45.922,131.58,15.574,154.623
1960-10-01,44.69,132.413,15.642,156.921
1961-01-01,42.24,133.401,15.671,158.878
1961-04-01,43.32,134.245,15.67,161.891
1961-07-01,44.58,134.596,15.726,163.156
1961-10-01,46.683,136.167,15.743,166.742
1962-01-01,47.702,137.832,15.811,169.287
1962-04-01,49.047,138.745,15.867,172.666
1962-07-01,49.567,139.96,15.91,174.806
1962-10-01,51.546,141.477,15.958,177.594
1963-01-01,52.589,142.458,16.004,179.236
1963-04-01,53.881,142.803,16.029,181.728
1963-07-01,54.701,145.166,16.107,185.526
1963-10-01,55.739,145.279,16.166,189.031
1964-01-01,57.995,148.651,16.243,192.935
1964-04-01,59.476,151.455,16.278,196.604
1964-07-01,61.378,154.877,16.331,200.168
1964-10-01,59.377,155.8,16.385,203.811
1965-01-01,64.915,157.76,16.438,207.035
1965-04-01,64.818,160.768,16.522,211.056
1965-07-01,66.7,164.069,16.583,215.035
1965-10-01,69.126,170.545,16.634,220.065
1966-01-01,72.312,174.094,16.763,223.73
1966-04-01,69.721,177.238,16.899,228.23
1966-07-01,72.323,179.77,17.028,232.198
1966-10-01,72.625,180.394,17.16,237.04
1967-01-01,71.102,182.375,17.209,240.841
1967-04-01,74.483,184.021,17.291,244.953
1967-07-01,74.699,185.777,17.452,250.241
1967-10-01,75.642,187.864,17.602,254.743
1968-01-01,80.859,193.535,17.789,261.903
1968-04-01,83.084,197.769,17.971,269.161
1968-07-01,87.545,202.841,18.157,275.736
1968-10-01,87.826,205.007,18.358,282.144
1969-01-01,90.011,208.834,18.536,288.161
1969-04-01,90.448,212.216,18.772,295.673
1969-07-01,90.628,215.988,19.002,302.01
1969-10-01,90.844,219.744,19.221,309.998
1970-01-01,89.611,224.484,19.444,317.59
1970-04-01,91.006,226.548,19.659,324.016
1970-07-01,92.011,229.716,19.851,331.755
1970-10-01,87.324,234.475,20.108,338.361
1971-01-01,98.052,235.828,20.299,345.307
1971-04-01,100.989,238.832,20.53,353.404
1971-07-01,103.442,240.424,20.732,361.732
1971-10-01,107.302,243.595,20.86,370.843
1972-01-01,110.704,247.04,21.08,381.204
1972-04-01,114.066,254.302,21.202,388.996
1972-07-01,117.591,260.084,21.388,398.123
1972-10-01,123.416,268.057,21.562,409.029
1973-01-01,131.812,275.456,21.823,417.739
1973-04-01,131.295,281.386,22.242,427.847
1973-07-01,130.8,289.916,22.647,438.16
1973-10-01,128.201,297.675,23.11,448.011
1974-01-01,126.652,308.853,23.798,456.362
1974-04-01,130.583,318.017,24.472,471.822
1974-07-01,136.324,327.667,25.132,485.284
1974-10-01,127.148,330.908,25.771,501.022
1975-01-01,131.787,336.206,26.256,517.197
1975-04-01,136.692,344.849,26.578,532.041
1975-07-01,146.788,355.964,27.076,544.44
1975-10-01,153.392,359.659,27.53,563.172
1976-01-01,163.297,367.436,27.833,579.174
1976-04-01,165.9,373.07,28.066,590.571
1976-07-01,169.845,380.608,28.492,608.353
1976-10-01,175.455,389.607,28.942,627.345
1977-01-01,183.931,396.467,29.465,647.814
1977-04-01,189.223,403.704,29.969,663.054
1977-07-01,193.992,409.909,30.42,683.003
1977-10-01,200.706,423.604,30.852,700.494
1978-01-01,198.168,431.073,31.358,724.811
1978-04-01,216.187,444.812,32.002,750.386
1978-07-01,216.74,455.62,32.564,769.856
1978-10-01,222.299,469.367,33.179,789.689
1979-01-01,223.278,484.59,33.804,809.273
1979-04-01,222.101,500.067,34.728,835.468
1979-07-01,230.932,522.347,35.59,858.589
1979-10-01,229.049,539.388,36.451,886.599
1980-01-01,232.055,559.946,37.545,910.301
1980-04-01,211.917,565.914,38.464,926.892
1980-07-01,225.363,576.499,39.364,961.909
1980-10-01,236.23,591.25,40.338,1004.394
1981-01-01,246.047,614.044,41.384,1025.643
1981-04-01,240.936,622.849,42.078,1053.74
1981-07-01,251.925,629.127,42.772,1077.047
1981-10-01,236.844,635.702,43.427,1101.901
1982-01-01,246.439,639.854,43.979,1127.862
1982-04-01,249.226,638.721,44.402,1151.697
1982-07-01,252.107,649.719,45.103,1183.846
1982-10-01,264.356,656.74,45.601,1224.459
1983-01-01,268.908,657.003,45.978,1258.678
1983-04-01,289.584,673.049,46.398,1286.806
1983-07-01,302.362,688.437,47.008,1329.097
1983-10-01,319.27,696.522,47.318,1356.704
1984-01-01,331.439,706.457,47.83,1380.27
1984-04-01,341.269,722.374,48.293,1412.233
1984-07-01,342.075,724.567,48.666,1446.882
1984-10-01,353.84,732.781,48.966,1475.175
1985-01-01,368.007,742.385,49.544,1525.616
1985-04-01,373.251,752.76,49.945,1555.754
1985-07-01,396.451,760.485,50.337,1597.213
1985-10-01,383.752,773.345,50.688,1622.303
1986-01-01,391.626,779.252,51.047,1652.771
1986-04-01,407.291,767.452,50.993,1676.713
1986-07-01,445.707,771.042,51.263,1700.452
1986-10-01,441.133,779.007,51.573,1732.668
1987-01-01,418.497,797.382,52.061,1767.634
1987-04-01,439.101,812.281,52.564,1801.948
1987-07-01,460.541,820.656,53.062,1836.16
1987-10-01,449.949,826.781,53.52,1874.186
1988-01-01,470.439,838.387,53.943,1923.07
1988-04-01,473.223,853.54,54.539,1964.954
1988-07-01,470.389,870.778,55.211,2020.733
1988-10-01,486.162,886.321,55.769,2062.056
1989-01-01,486.451,902.525,56.41,2101.195
1989-04-01,493.344,927.749,57.17,2132.674
1989-07-01,505.638,936.288,57.507,2167.474
1989-10-01,491.885,951.338,57.959,2210.469
1990-01-01,515.394,974.173,58.799,2248.382
1990-04-01,498.407,980.853,59.333,2304.16
1990-07-01,493.57,1003.106,60.087,2350.024
1990-10-01,480.947,1018.756,60.882,2368.207
1991-01-01,471.691,1014.15,61.202,2387.721
1991-04-01,475.248,1021.765,61.536,2429.918
1991-07-01,484.336,1024.392,61.954,2464.541
1991-10-01,477.456,1020.699,62.404,2501.877
1992-01-01,496.18,1037.668,62.795,2566.552
1992-04-01,500.989,1047.218,63.212,2607.453
1992-07-01,512.092,1061.049,63.615,2653.829
1992-10-01,523.064,1074.81,64.059,2709.331
1993-01-01,527.852,1079.129,64.441,2742.534
1993-04-01,547.842,1086.326,64.874,2784.412
1993-07-01,556.638,1092.528,65.155,2838.023
1993-10-01,573.796,1105.275,65.531,2873.579
1994-01-01,588.824,1116.845,65.766,2915.554
1994-04-01,598.721,1128.094,66.133,2956.348
1994-07-01,609.31,1149.581,66.607,2993.87
1994-10-01,631.83,1163.01,66.92,3031.873
1995-01-01,621.252,1166.854,67.247,3074.329
1995-04-01,626.914,1176.984,67.639,3129.711
1995-07-01,642.543,1183.691,67.915,3172.427
1995-10-01,652.242,1191.651,68.214,3211.762
1996-01-01,659.825,1211.173,68.593,3259.617
1996-04-01,676.332,1239.541,69.052,3304.626
1996-07-01,679.382,1246.505,69.346,3348.618
1996-10-01,689.641,1268.285,69.819,3394.838
1997-01-01,705.591,1281.017,70.127,3446.497
1997-04-01,696.587,1277.72,70.303,3496.96
1997-07-01,722.779,1297.345,70.488,3559.055
1997-10-01,737.161,1307.821,70.71,3618.627
1998-01-01,737.702,1306.679,70.715,3676.961
1998-04-01,769.238,1319.925,70.843,3743.404
1998-07-01,785.044,1334.82,71.062,3806.982
1998-10-01,825.189,1355.16,71.249,3847.889
1999-01-01,819.948,1384.945,71.39,3897.147
1999-04-01,854.805,1418.268,71.796,3957.569
1999-07-01,871.191,1440.071,72.191,4024.047
1999-10-01,876.329,1482.69,72.629,4108.02
2000-01-01,920.875,1492.211,73.219,4205.131
2000-04-01,901.931,1535.118,73.568,4274.861
2000-07-01,911.658,1557.492,74.042,4350.834
2000-10-01,915.823,1577.579,74.46,4425.204
2001-01-01,926.811,1572.434,75.012,4496.052
2001-04-01,919.479,1590.627,75.363,4532.144
2001-07-01,923.888,1591.359,75.401,4555.089
2001-10-01,995.882,1581.892,75.432,4609.546
2002-01-01,976.249,1585.634,75.584,4655.831
2002-04-01,977.397,1609.535,76.145,4721.022
2002-07-01,1001.72,1616.722,76.539,4778.693
2002-10-01,986.105,1641.855,76.896,4844.998
2003-01-01,974.533,1682.801,77.484,4909.826
2003-04-01,1007.819,1670.079,77.562,4983.56
2003-07-01,1041.776,1724.47,78.073,5054.68
2003-10-01,1047.074,1741.837,78.457,5124.541
2004-01-01,1064.229,1779.005,79.062,5205.543
2004-04-01,1065.972,1803.006,79.594,5278.129
2004-07-01,1085.046,1826.294,79.985,5371.996
2004-10-01,1107.05,1877.483,80.669,5464.088
2005-01-01,1109.964,1891.983,81.138,5549.788
2005-04-01,1137.918,1919.496,81.65,5643.732
2005-07-01,1151.814,1986.031,82.532,5730.245
2005-10-01,1114.745,2019.741,83.189,5820.809
2006-01-01,1154.128,2042.714,83.621,5903.311
2006-04-01,1149.249,2076.844,84.355,6001.556
2006-07-01,1160.532,2112.905,84.962,6080.335
2006-10-01,1169.422,2092.827,84.822,6165.119
2007-01-01,1179.022,2129.103,85.597,6264.013
2007-04-01,1185.692,2166.108,86.324,6326.913
2007-07-01,1191.859,2188.151,86.812,6418.373
2007-10-01,1195.599,2232.589,87.694,6508.952
2008-01-01,1153.509,2252.859,88.408,6598.077
2008-04-01,1137.729,2305.803,89.269,6686.336
2008-07-01,1095.819,2332.089,90.221,6731.171
2008-10-01,1007.986,2167.09,88.781,6731.865
2009-01-01,1004.48,2115.548,88.181,6694.942
2009-04-01,994.7,2139.774,88.532,6671.028
2009-07-01,1035.104,2193.373,89.142,6710.929
2009-10-01,1014.201,2222.909,89.83,6767.885
2010-01-01,1021.085,2245.069,90.177,6835.669
2010-04-01,1043.901,2247.333,90.317,6916.911
2010-07-01,1052.423,2262.696,90.49,6985.635
2010-10-01,1078.441,2320.351,91.07,7031.511
2011-01-01,1087.927,2381.108,91.835,7089.16
2011-04-01,1082.903,2431.554,92.738,7158.561
2011-07-01,1090.755,2437.019,93.167,7227.254
2011-10-01,1112.409,2448.807,93.475,7247.97
2012-01-01,1138.093,2490.624,94.094,7330.585
2012-04-01,1133.557,2482.819,94.321,7388.679
2012-07-01,1141.673,2490.133,94.595,7427.587
2012-10-01,1163.561,2510.497,95.126,7491.645
2013-01-01,1189.742,2546.973,95.459,7540.949
2013-04-01,1187.617,2522.891,95.508,7605.173
2013-07-01,1191.933,2553.343,95.901,7663.083
2013-10-01,1197.851,2578.384,96.254,7774.995
2014-01-01,1207.539,2602.782,96.696,7835.68
2014-04-01,1244.233,2641.621,97.129,7924.597
2014-07-01,1261.26,2660.652,97.394,8037.877
2014-10-01,1276.009,2652.212,97.265,8153.339
2015-01-01,1291.044,2605.746,96.829,8222.973
2015-04-01,1317.766,2641.163,97.312,8305.21
2015-07-01,1326.9,2666.696,97.565,8388.898
2015-10-01,1327.463,2643.739,97.49,8452.151
2016-01-01,1338.655,2632.874,97.538,8551.628
2016-04-01,1345.902,2677.922,98.157,8641.3
2016-07-01,1366.32,2684.449,98.496,8746.357
2016-10-01,1375.105,2710.918,98.947,8835.966
2017-01-01,1385.09,2759.784,99.524,8952.433
2017-04-01,1394.392,2768.626,99.724,9025.712
2017-07-01,1417.806,2798.223,100.076,9109.036
2017-10-01,1466.355,2858.582,100.676,9226.464
2018-01-01,1483.333,2904.59,101.38,9357.152
2018-04-01,1488.127,2921.762,101.912,9481.404
2018-07-01,1491.615,2930.836,102.254,9579.748
2018-10-01,1492.248,2944.32,102.642,9662.631
2019-01-01,1482.601,2947.448,102.851,9720.141
2019-04-01,1517.861,3010.158,103.426,9822.644
2019-07-01,1544.227,3031.968,103.675,9972.087
2019-10-01,1549.885,3047.119,104.083,10104.034
2020-01-01,1484.685,3080.642,104.445,9937.771
2020-04-01,1467.16,2932.165,104.017,8793.972
2020-07-01,1754.408,3157.021,104.835,9567.777
2020-10-01,1780.548,3177.871,105.369,9791.394
2021-01-01,1906.96,3326.752,106.508,10017.388
2021-04-01,2051.93,3489.305,108.096,10481.724
2021-07-01,1964.476,3545.582,109.57,10866.427
2021-10-01,2044.023,3668.866,111.408,11095.89
2022-01-01,2083.773,3762.666,113.491,11294.887
2022-04-01,2081.661,3895.864,115.534,11617.599
2022-07-01,2087.46,3888.009,116.96,11888.352
2022-10-01,2058.331,3897.991,118.165,12126.464
2023-01-01,2143.116,3929.401,119.255,12374.33
2023-04-01,2145.244,3936.99,120.141,12543.228
2023-07-01,2153.272,3999.431,120.973,12729.066
2023-10-01,2138.246,4032.614,121.651,12965.577
2024-01-01,2128.15,4013.723,122.637,13233.744
2024-04-01,2159.304,4073.502,123.387,13449.344
2024-07-01,2186.596,4105.271,123.913,13654.82
2024-10-01,2248.409,4138.684,124.711,13898.449
2025-01-01,2224.414,4183.455,125.687,14069.566
2025-04-01,2259.642,4189.422,126.434,14257.525
2025-07-01,2277.233,4249.977,127.245,14500.493
2025-10-01,2293.76,4278.974,128.097,14696.14
2026-01-01,2330.146,4332.215,129.415,14863.623
2026-04-01,2390.771,4470.603,131.006,15131.804
